index,TV,Billboards,Google Ads,Social Media,Affiliate Marketing
1,0.14821545361597563,0.2296339061197433,0.12250823876637991,0.19050731462287104,0.3091350868750302
